{
  "accuracy": 0.8156424581005587,
  "precision": 0.8103448275862069,
  "recall": 0.6811594202898551,
  "f1": 0.7401574803149606,
  "roc_auc": 0.8080368906455864
}