{
  "accuracy": 0.7932960893854749,
  "precision": 0.7580645161290323,
  "recall": 0.6811594202898551,
  "f1": 0.7175572519083969,
  "roc_auc": 0.8027009222661396
}
